PostalCode,Price,Area,Type
20457,895 €,52 m²,Apartment
20457,"1,360 €",44.7 m²,Apartment
20457,"495,000 - 1,190,000 €",40.00 - 150.00 m²,Apartment
20457,"1,290 - 2,994 €",48.00 - 93.00 m²,Apartment
20457,"2,730 €",113.54 m²,Apartment
20457,"1,130,000 - 1,640,000 €",115.00 - 119.00 m²,Apartment
20457,"1,813.50 €",93 m²,Apartment
20457,"1,833 €",94 m²,Apartment
20457,638.78 €,19.2 m²,Apartment
20457,"3,750 €",105 m²,Apartment
20457,"3,200 €",86.73 m²,Apartment
20457,"2,120 €",95 m²,Apartment
20457,"1,616 - 21,497 €",43.00 - 395.00 m²,Apartment
20457,"1,360 €",43.3 m²,Apartment
20457,"1,680 €",59.7 m²,Apartment
20457,"1,360 €",44.7 m²,Apartment
20457,"1,390 €",43.4 m²,Apartment
20457,"1,925 €",66.2 m²,Apartment
20457,"5,165 €",119 m²,Apartment
20457,"1,770 - 2,430 €",59.00 - 81.00 m²,Apartment
20457,"1,980 €",58 m²,Apartment
20457,"1,548.36 €",42.99 m²,Apartment
20457,"1,760 €",55.12 m²,Apartment
20457,"1,850 €",68 m²,Apartment
20457,"5,300 €",193 m²,Apartment
20457,"2,750 €",86 m²,Apartment
20457,"2,385 €",93.18 m²,Apartment
20457,"1,727 €",58 m²,Apartment
20457,"2,037 €",90.03 m²,Apartment
20457,"1,874 €",72.82 m²,Apartment
20457,"1,657 €",70.57 m²,Apartment
20457,"1,537 €",52.37 m²,Apartment
20457,"1,960 €",48.83 m²,Apartment
20457,"3,251.06 €",113.13 m²,Apartment
20457,"2,300 - 4,250 €",85.04 - 151.50 m²,Apartment
20457,"2,591 €",72.56 m²,Apartment
20457,"2,066 €",82.31 m²,Apartment
20457,"1,380 €",46 m²,Apartment
20457,"1,990 €",96 m²,Apartment
20457,"900 - 3,595 €",30.00 - 140.00 m²,Apartment
20457,"1,700 €",94.93 m²,Apartment
20457,"1,134 €",55.75 m²,Apartment
20457,"1,238 €",66.86 m²,Apartment
20457,"1,530 €",69.58 m²,Apartment
20457,"1,188 €",56 m²,Apartment
20457,"2,750 €",121 m²,Apartment
20457,"4,100 €",122 m²,Apartment
20457,"1,760 €",101 m²,Apartment
20457,"1,250 €",34.27 m²,Apartment
20457,815 €,50 m²,Apartment
20457,488 €,49 m²,Apartment
20457,"2,000 €",55 m²,Apartment
20457,"3,400 €",116 m²,Apartment
20457,"1,400 €",65 m²,Apartment
20457,850 €,65 m²,Apartment
20457,"1,300 €",88 m²,Apartment
20457,"1,300 €",88 m²,Apartment
20457,"1,715 €",72 m²,Apartment
20457,950 €,64.64 m²,Apartment
20457,"1,000 €",45 m²,Apartment
20457,825 €,26.77 m²,Apartment
20457,599 €,19.87 m²,Apartment
20457,577 €,20.12 m²,Apartment
20457,790 €,64 m²,Apartment
20457,"2,500 €",207 m²,Apartment
20457,"1,750 €",50 m²,Apartment
20457,"1,300 €",87 m²,Apartment
20457,"1,628 €",67 m²,Apartment
20457,"1,383 €",80 m²,Apartment
20457,"3,213 €",150 m²,Apartment
20457,540 €,52 m²,Apartment
20457,700 €,60 m²,Apartment
20457,"1,600 €",108 m²,Apartment
20457,998 €,52 m²,Apartment
20457,"1,050 €",62 m²,Apartment
20457,"3,950 €",143 m²,Apartment
20457,"1,200 €",44 m²,Apartment
20457,700 €,21 m²,Apartment
20457,"4,680 €",183 m²,Apartment
20457,"1,910 €",64 m²,Apartment
20457,"1,989 €",91.3 m²,Apartment
20457,450 €,60 m²,Apartment
20457,"807 - 2,041 €",18.00 - 62.00 m²,Apartment
20457,650 €,64 m²,Apartment
20457,"1,200 €",75 m²,Apartment
20457,"1,800 €",82 m²,Apartment
20457,"1,138.55 €",50.22 m²,Apartment
20457,866.60 €,24 m²,Apartment
20457,"1,041.06 €",49.84 m²,Apartment
20457,"1,053.77 €",33.52 m²,Apartment
20457,"1,500 €",65.72 m²,Apartment
20457,832 €,68 m²,Apartment
20457,376 €,54 m²,Apartment
20457,"1,300 €",58 m²,Apartment
20457,566 €,61 m²,Apartment
20457,"1,000 €",48 m²,Apartment
20457,665 €,37 m²,Apartment
20457,"2,300 €",95 m²,Apartment
20457,"1,115 €",65 m²,Apartment
20457,"1,950 €",104 m²,Apartment
20457,900 €,65 m²,Apartment
20457,750 €,52 m²,Apartment
20457,750 €,50 m²,Apartment
20457,673 €,53 m²,Apartment
20457,715 €,58 m²,Apartment
20457,"1,457.45 €",102.51 m²,Apartment
20457,785.59 €,75.32 m²,Apartment
20457,"1,750 €",72 m²,Apartment
20457,720 €,72 m²,Apartment
20457,743.73 €,57.21 m²,Apartment
20457,"1,190 €",76 m²,Apartment
20457,681.50 €,47 m²,Apartment
20457,"1,571.54 €",107.64 m²,Apartment
20457,"1,100 €",70 m²,Apartment
20457,"2,000 €",117 m²,Apartment
20457,"1,882.80 €",88.27 m²,Apartment
20457,570 €,55 m²,Apartment
20457,550 €,43 m²,Apartment
20457,"2,440 €",153 m²,Apartment
20457,663.30 €,44.22 m²,Apartment
20457,"622,20 €","47,28 m²",Apartment
20457,"638,78 €","19,2 m²",Apartment
20457,1.130 €,57 m²,Apartment
20457,1.254 €,"48,2 m²",Apartment
20457,2.290 €,110 m²,Apartment
20457,845 €,70 m²,Apartment
20457,2.350 €,112 m²,Apartment
20457,"932,86 €",50 m²,Apartment
20457,936 €,60 m²,Apartment
20457,890 €,68 m²,Apartment
20457,1.342 €,"70,62 m²",Apartment
20457,720 €,69 m²,Apartment
20457,650 €,73 m²,Apartment
20457,2.450 €,"87,2 m²",Apartment
20457,1.500 €,100 m²,Apartment
20457,1.500 €,100 m²,Apartment
20457,870 €,43 m²,Apartment
20457,747 €,48 m²,Apartment
20457,1.900 €,70 m²,Apartment
20457,1.950 €,80 m²,Apartment
20457,1.300 €,58 m²,Apartment
20457,5.940 €,210 m²,Apartment
20457,3.460 €,157 m²,Apartment
20457,1.090 €,45 m²,Apartment
20457,890 €,64 m²,Apartment
20457,2.350 €,"91,4 m²",Apartment
20457,3.340 €,124 m²,Apartment
20457,2.400 €,105 m²,Apartment
20457,1.990 €,54 m²,Apartment
20457,1.900 €,77 m²,Apartment
20457,2.080 €,80 m²,Apartment
20457,1.780 €,65 m²,Apartment
20457,1.688 €,55 m²,Apartment
20457,1.932 €,53 m²,Apartment
20457,1.399 €,49 m²,Apartment
20457,3.299 €,117 m²,Apartment
20457,1.525 €,42 m²,Apartment
20457,1.950 €,55 m²,Apartment
20457,2.518 €,77 m²,Apartment
20457,4.159 €,117 m²,Apartment
20457,1.479 €,51 m²,Apartment
20457,1.235 €,"41,15 m²",Apartment
20457,1.626 €,"56,06 m²",Apartment
20457,3.299 €,117 m²,Apartment
20457,3.100 €,124 m²,Apartment
20457,1.490 €,90 m²,Apartment
20457,3.750 €,107 m²,Apartment
20457,2.102 €,74 m²,Apartment
20457,1.981 €,62 m²,Apartment
20457,1.986 €,70 m²,Apartment
20457,2.300 €,72 m²,Apartment
20457,1.775 €,73 m²,Apartment
20457,2.341 €,90 m²,Apartment
20457,1.095 €,58 m²,Apartment
20457,560 €,59 m²,Apartment
20457,1.300 €,74 m²,Apartment
20457,1.699 €,65 m²,Apartment
20457,1.100 €,44 m²,Apartment
20457,500 €,45 m²,Apartment
20457,400 €,44 m²,Apartment
20457,1.014 €,39 m²,Apartment
20457,1.400 €,50 m²,Apartment
20457,550 €,64 m²,Apartment
20457,1.550 €,125 m²,Apartment
20457,2.080 €,80 m²,Apartment
20457,6.320 €,174 m²,Apartment
20457,955 €,56 m²,Apartment
20457,730 €,60 m²,Apartment
20457,800 €,82 m²,Apartment
20457,1.509 €,65 m²,Apartment
20457,999 - 2.599 €,"40,61 - 102,51 m²",Apartment
20457,857 €,65 m²,Apartment
20457,1.400 €,79 m²,Apartment
20457,1.359 €,66 m²,Apartment
20457,1.540 €,85 m²,Apartment
20457,2.100 €,"85,04 m²",Apartment
20457,1.475 €,"65,9 m²",Apartment
20457,1.050 €,78 m²,Apartment
20457,1.200 €,63 m²,Apartment
20457,1.795 €,"76,71 m²",Apartment
20457,1.975 €,"65,96 m²",Apartment
20457,1.999 €,"106,69 m²",Apartment
20457,687 €,77 m²,Apartment
20457,602 €,"46,47 m²",Apartment
20457,650 €,76 m²,Apartment
20457,750 €,54 m²,Apartment
20457,1.026 €,57 m²,Apartment
20457,350 €,42 m²,Apartment
20457,750 €,53 m²,Apartment
20457,600 €,50 m²,Apartment
20457,1.500 €,76 m²,Apartment
20457,4.000 €,127 m²,Apartment
20457,772 €,59 m²,Apartment
20457,900 €,56 m²,Apartment
20457,540 €,55 m²,Apartment
20457,1.830 €,98 m²,Apartment
20457,1.320 €,74 m²,Apartment
20457,1.300 €,120 m²,Apartment
20457,1.775 €,104 m²,Apartment
20457,2.055 €,112 m²,Apartment
20457,2.200 €,105 m²,Apartment
20457,1.770 €,101 m²,Apartment
20457,599 €,48 m²,Apartment
20457,1.200 €,55 m²,Apartment
20457,957 €,70 m²,Apartment
20457,1.100 - 3.180 €,"39,00 - 126,00 m²",Apartment
20457,1.860 €,61 m²,Apartment
20457,550 €,31 m²,Apartment
20457,390 €,26 m²,Apartment
20457,2.500 €,97 m²,Apartment
20457,895 €,51 m²,Apartment
20457,1.550 €,80 m²,Apartment
20457,1.550 €,80 m²,Apartment
20457,1.600 €,70 m²,Apartment
20457,552 €,40 m²,Apartment
20457,470 €,60 m²,Apartment
20457,1.570 €,103 m²,Apartment
20457,536 €,39 m²,Apartment
20457,900 €,60 m²,Apartment
20457,600 €,93 m²,Apartment
20457,1.650 €,112 m²,Apartment
20457,1.990 €,112 m²,Apartment
20457,550 €,53 m²,Apartment
20457,600 €,50 m²,Apartment
20457,795 €,49 m²,Apartment
20457,"2.117,03 €",46 m²,Apartment
20457,517 €,63 m²,Apartment
20457,607 €,44 m²,Apartment
20457,650 €,64 m²,Apartment
20457,2.490 €,"62,3 m²",Apartment
20457,560 €,42 m²,Apartment
20457,560 €,42 m²,Apartment
20457,665 €,54 m²,Apartment
20457,940 €,78 m²,Apartment
20457,1.830 €,112 m²,Apartment
20457,1.930 €,112 m²,Apartment
20457,950 €,58 m²,Apartment
20457,2.400 €,115 m²,Apartment
20457,2.400 €,115 m²,Apartment
20457,2.882 €,132 m²,Apartment
20457,2.882 €,132 m²,Apartment
20457,950 €,53 m²,Apartment
20457,2.250 €,114 m²,Apartment
20457,950 €,50 m²,Apartment
20457,940 €,48 m²,Apartment
20457,790 €,70 m²,Apartment
20457,1.345 €,75 m²,Apartment
20457,"382,88 €","46,79 m²",Apartment
20457,450 €,44 m²,Apartment
20457,738 €,75 m²,Apartment
20457,1.950 €,101 m²,Apartment
20457,900 €,73 m²,Apartment
20457,"3.371,25 €","116,25 m²",Apartment
20457,1.560 €,48 m²,Apartment
20457,1.000 €,70 m²,Apartment
20457,550 €,48 m²,Apartment
20457,"761,65 €","44,39 m²",Apartment
20457,600 €,70 m²,Apartment
20457,"1.324,25 €",66 m²,Apartment
20457,"1.324,25 €",66 m²,Apartment
20457,620 €,67 m²,Apartment
20457,1.300 €,61 m²,Apartment
20457,"2.226,63 €",93 m²,Apartment
20457,1.200 €,84 m²,Apartment
20457,1.850 €,82 m²,Apartment
20457,1.000 €,75 m²,Apartment
20457,"1.203,86 €",60 m²,Apartment
20457,1.100 €,55 m²,Apartment
20457,800 €,63 m²,Apartment
20457,5.300 €,"193,98 m²",Apartment
20457,1.500 €,70 m²,Apartment
20457,750 €,40 m²,Apartment
20457,4.750 €,190 m²,Apartment
20457,960 €,68 m²,Apartment
20457,970 €,70 m²,Apartment
20457,920 €,66 m²,Apartment
20457,684 €,44 m²,Apartment
20457,1.056 €,60 m²,Apartment
20457,1.300 €,65 m²,Apartment
20457,570 €,40 m²,Apartment
20457,650 €,42 m²,Apartment
20457,1.300 €,80 m²,Apartment
20457,749 €,45 m²,Apartment
20457,685 €,57 m²,Apartment
20457,405 €,52 m²,Apartment
20457,730 €,46 m²,Apartment
20457,1.500 €,110 m²,Apartment
20457,405 €,52 m²,Apartment
20457,1.170 €,90 m²,Apartment
20457,300 €,35 m²,Apartment
20457,700 €,60 m²,Apartment
20457,1.900 €,150 m²,Apartment
20457,1.480 €,85 m²,Apartment
20457,1.250 €,71 m²,Apartment
20457,1.000 €,50 m²,Apartment
20457,1.900 €,83 m²,Apartment
20457,690 €,60 m²,Apartment
20457,1.200 €,58 m²,Apartment
20457,1.360 €,87 m²,Apartment
20457,1.850 €,88 m²,Apartment
20457,2.000 €,"96,5 m²",Apartment
20457,1.520 €,89 m²,Apartment
20457,745 €,35 m²,Apartment
20457,1.399 €,"57,13 m²",Apartment
20457,900 €,64 m²,Apartment
20457,4.025 €,"161,19 m²",Apartment
20457,780 €,48 m²,Apartment
20457,945 €,"47,39 m²",Apartment
20457,511 €,57 m²,Apartment
20457,790 €,60 m²,Apartment
20457,1.040 €,80 m²,Apartment
20457,2.000 €,100 m²,Apartment
20457,1.475 €,92 m²,Apartment
20457,"955,69 €","65,91 m²",Apartment
20457,1.300 €,70 m²,Apartment
20457,820 €,45 m²,Apartment
20457,1.206 €,70 m²,Apartment
20457,1.000 €,47 m²,Apartment
20457,1.000 €,45 m²,Apartment
20457,1.749 €,110 m²,Apartment
20457,887 €,58 m²,Apartment
20457,620 €,40 m²,Apartment
20457,2.882 €,132 m²,Apartment
20457,600 €,70 m²,Apartment
20457,748 €,46 m²,Apartment
20457,1.095 €,50 m²,Apartment
20457,750 €,53 m²,Apartment
20457,524 €,45 m²,Apartment
20457,"1.669,77 €","97,2 m²",Apartment
20457,688 €,40 m²,Apartment
20457,298 €,48 m²,Apartment
20457,980 €,"60,2 m²",Apartment
20457,820 €,45 m²,Apartment
20457,1.100 €,40 m²,Apartment
20457,650 €,47 m²,Apartment
20457,1.410 €,52 m²,Apartment
20457,630 €,37 m²,Apartment
20457,550 €,34 m²,Apartment
20457,1.402 €,78 m²,Apartment
20457,890 €,76 m²,Apartment
20457,1.250 €,76 m²,Apartment
20457,1.600 €,108 m²,Apartment
20457,780 €,67 m²,Apartment
20457,720 €,35 m²,Apartment
20457,528 €,45 m²,Apartment
20457,1.952 €,86 m²,Apartment
20457,499 €,46 m²,Apartment
20457,770 €,64 m²,Apartment
20457,972 €,43 m²,Apartment
20457,1.400 €,98 m²,Apartment
20457,900 €,64 m²,Apartment
20457,730 €,56 m²,Apartment
20457,650 €,50 m²,Apartment
20457,1.082 €,68 m²,Apartment
20457,3.995 €,210 m²,Apartment
20457,2.100 €,100 m²,Apartment
20457,530 €,38 m²,Apartment
20457,530 €,35 m²,Apartment
20457,1.526 €,95 m²,Apartment
20457,515 €,52 m²,Apartment
20457,850 €,65 m²,Apartment
20457,748 €,56 m²,Apartment
20457,750 €,67 m²,Apartment
20457,850 €,65 m²,Apartment
20457,750 €,59 m²,Apartment
20457,900 €,60 m²,Apartment
20457,980 €,68 m²,Apartment
20457,745 €,43 m²,Apartment
20457,1.380 €,72 m²,Apartment
20457,1.100 €,80 m²,Apartment
20457,1.300 €,70 m²,Apartment
20457,6.690 €,257 m²,Apartment
20457,1.570 €,80 m²,Apartment
20457,4.625 €,"208,61 m²",Apartment
20457,716 €,47 m²,Apartment
20457,1.300 €,88 m²,Apartment
20457,810 €,63 m²,Apartment
20457,1.000 €,82 m²,Apartment
20457,919 €,62 m²,Apartment
20457,2.394 €,76 m²,Apartment
20457,920 €,60 m²,Apartment
20457,1.280 €,81 m²,Apartment
20457,465 €,40 m²,Apartment
20457,1.290 €,72 m²,Apartment
20457,1.800 €,100 m²,Apartment
20457,900 €,65 m²,Apartment
20457,732 €,36 m²,Apartment
20457,1.900 €,115 m²,Apartment
20457,850 €,73 m²,Apartment
20457,1.158 €,62 m²,Apartment
20457,1.000 €,70 m²,Apartment
20457,1.100 €,50 m²,Apartment
20457,1.080 €,70 m²,Apartment
20457,531 €,54 m²,Apartment
20457,1.100 €,105 m²,Apartment
20457,1.100 €,80 m²,Apartment
20457,1.300 €,57 m²,Apartment
20457,1.581 €,63 m²,Apartment
20457,1.581 €,63 m²,Apartment
20457,823 €,60 m²,Apartment
20457,762 €,65 m²,Apartment
20457,930 €,75 m²,Apartment
20457,2.750 €,89 m²,Apartment
20457,4.365 €,"134,31 m²",Apartment
20457,663 €,51 m²,Apartment
20457,600 €,59 m²,Apartment
20457,980 €,78 m²,Apartment
20457,700 €,36 m²,Apartment
20457,1.000 €,60 m²,Apartment
20457,700 €,80 m²,Apartment
20457,2.000 €,82 m²,Apartment
20457,800 €,47 m²,Apartment
20457,567 €,51 m²,Apartment
20457,1.150 €,65 m²,Apartment
20457,1.000 €,59 m²,Apartment
20457,2.400 €,115 m²,Apartment
20457,2.400 €,115 m²,Apartment
20457,1.600 €,70 m²,Apartment
20457,524 €,40 m²,Apartment
20457,800 €,50 m²,Apartment
20457,1.000 €,65 m²,Apartment
20457,1.700 €,80 m²,Apartment
20457,1.800 €,94 m²,Apartment
20457,900 €,54 m²,Apartment
20457,1.596 €,85 m²,Apartment
20457,1.597 €,86 m²,Apartment
20457,1.140 €,84 m²,Apartment
20457,875 €,28 m²,Apartment
20457,2.300 €,143 m²,Apartment
20457,800 €,65 m²,Apartment
20457,790 €,53 m²,Apartment
20457,1.655 €,100 m²,Apartment
20457,980 €,76 m²,Apartment
20457,570 €,46 m²,Apartment
20457,575 €,50 m²,Apartment
20457,636 €,55 m²,Apartment
20457,550 €,35 m²,Apartment
20457,750 €,51 m²,Apartment
20457,1.125 €,68 m²,Apartment
20457,1.600 €,83 m²,Apartment
20457,1.050 €,59 m²,Apartment
20457,1.190 €,78 m²,Apartment
20457,375 €,54 m²,Apartment
20457,914 €,43 m²,Apartment
20457,875 €,60 m²,Apartment
20457,1.170 €,78 m²,Apartment
20457,615 €,50 m²,Apartment
20457,670 €,51 m²,Apartment
20457,670 €,51 m²,Apartment
20457,593 €,70 m²,Apartment
20457,1.300 €,"66,91 m²",Apartment
20457,2.750 €,110 m²,Apartment
20457,4.325 €,"132,62 m²",Apartment
20457,2.300 €,125 m²,Apartment
20457,850 €,72 m²,Apartment
20457,850 €,72 m²,Apartment
20457,1.450 €,54 m²,Apartment
20457,1.120 €,70 m²,Apartment
20457,950 €,62 m²,Apartment
20457,1.180 €,60 m²,Apartment
20457,1.150 €,70 m²,Apartment
20457,748 €,44 m²,Apartment
20457,1.325 €,76 m²,Apartment
20457,677 €,34 m²,Apartment
20457,2.980 €,99 m²,Apartment
20457,1.070 €,76 m²,Apartment
20457,554 €,33 m²,Apartment
20457,2.000 €,110 m²,Apartment
20457,1.950 €,93 m²,Apartment
20457,600 €,50 m²,Apartment
20457,3.780 €,146 m²,Apartment
20457,850 €,60 m²,Apartment
20457,1.050 €,69 m²,Apartment
20457,800 €,55 m²,Apartment
20457,780 €,60 m²,Apartment
20457,1.485 €,66 m²,Apartment
20457,900 €,58 m²,Apartment
20457,490 €,52 m²,Apartment
20457,1.800 €,82 m²,Apartment
20457,950 €,52 m²,Apartment
20457,1.280 €,74 m²,Apartment
20457,680 €,45 m²,Apartment
20457,1.000 €,72 m²,Apartment
20457,1.585 €,100 m²,Apartment
20457,656 €,54 m²,Apartment
20457,1.800 €,106 m²,Apartment
20457,300 €,25 m²,Apartment
20457,1.134 €,65 m²,Apartment
20457,450 €,62 m²,Apartment
20457,665 €,49 m²,Apartment
20457,1.100 €,67 m²,Apartment
20457,1.400 €,75 m²,Apartment
20457,1.250 €,60 m²,Apartment
20457,870 €,71 m²,Apartment
20457,900 €,76 m²,Apartment
20457,1.720 €,96 m²,Apartment
20457,913 €,62 m²,Apartment
20457,1.200 €,77 m²,Apartment
20457,715 €,58 m²,Apartment
20457,437 €,45 m²,Apartment
20457,530 €,45 m²,Apartment
20457,1.300 €,87 m²,Apartment
20457,1.000 €,52 m²,Apartment
20457,2.291 €,108 m²,Apartment
20457,700 €,44 m²,Apartment
20457,800 €,80 m²,Apartment
20457,394 €,47 m²,Apartment
20457,495 €,72 m²,Apartment
20457,1.100 €,70 m²,Apartment
20457,"3.444,09 €","194,11 m²",Apartment
20457,500 €,58 m²,Apartment
20457,"1.093,23 €","61,04 m²",Apartment
20457,"1.516,48 €","88,35 m²",Apartment
20457,680 €,35 m²,Apartment
20457,1.160 €,55 m²,Apartment
20457,800 €,30 m²,Apartment
20457,1.000 €,55 m²,Apartment
20457,"1.165,50 €",63 m²,Apartment
20457,2.900 €,"122,71 m²",Apartment
20457,610 €,38 m²,Apartment
20457,580 €,28 m²,Apartment
20457,460 €,61 m²,Apartment
20457,995 €,66 m²,Apartment
20457,1.100 €,70 m²,Apartment
20457,641 €,61 m²,Apartment
20457,1.500 €,85 m²,Apartment
20457,520 €,47 m²,Apartment
20457,1.270 €,66 m²,Apartment
20457,761 €,46 m²,Apartment
20457,1.279 €,67 m²,Apartment
20457,761 €,46 m²,Apartment
20457,"1.085,98 €","63,99 m²",Apartment
20457,546 €,56 m²,Apartment
20457,1.010 €,56 m²,Apartment
20457,4.350 €,187 m²,Apartment
20457,950 €,60 m²,Apartment
20457,"636,75 €","21,6 m²",Apartment
20457,570 €,37 m²,Apartment
20457,570 €,37 m²,Apartment
20457,650 €,35 m²,Apartment
20457,1.000 €,66 m²,Apartment
20457,1.486 €,87 m²,Apartment
20457,850 €,68 m²,Apartment
20457,845 €,65 m²,Apartment
20457,1.200 €,62 m²,Apartment
20457,400 €,30 m²,Apartment
20457,700 €,64 m²,Apartment
20457,600 €,60 m²,Apartment
20457,690 €,54 m²,Apartment
20457,590 €,50 m²,Apartment
20457,1.300 €,"53,22 m²",Apartment
20457,1.300 €,54 m²,Apartment
20457,773 €,63 m²,Apartment
20457,1.650 €,65 m²,Apartment
20457,1.300 €,74 m²,Apartment
20457,1.050 €,54 m²,Apartment
20457,995 €,52 m²,Apartment
20457,"1.098,03 €","57,7 m²",Apartment
20457,1.740 €,46 m²,Apartment
20457,780 €,50 m²,Apartment
20457,1.395 €,66 m²,Apartment
20457,760 €,70 m²,Apartment
20457,610 €,51 m²,Apartment
20457,520 €,43 m²,Apartment
20457,900 €,62 m²,Apartment
20457,930 €,75 m²,Apartment
20457,1.900 €,115 m²,Apartment
20457,790 €,"44,5 m²",Apartment
20457,950 €,63 m²,Apartment
20457,650 €,45 m²,Apartment
20457,720 €,68 m²,Apartment
20457,1.452 €,95 m²,Apartment
20457,1.400 €,60 m²,Apartment
20457,1.790 €,"58,5 m²",Apartment
20457,540 €,42 m²,Apartment
20457,1.900 €,85 m²,Apartment
20457,"437,78 €","24,16 m²",Apartment
20457,850 €,55 m²,Apartment
20457,800 €,54 m²,Apartment
20457,900 €,46 m²,Apartment
20457,1.800 €,88 m²,Apartment
20457,700 €,45 m²,Apartment
20457,890 €,60 m²,Apartment
20457,1.019 €,70 m²,Apartment
20457,400 €,"57,25 m²",Apartment
20457,998 €,56 m²,Apartment
20457,470 €,37 m²,Apartment
20457,520 €,"28,8 m²",Apartment
20457,660 €,49 m²,Apartment
20457,600 €,49 m²,Apartment
20457,685 €,60 m²,Apartment
20457,1.500 €,85 m²,Apartment
20457,550 €,26 m²,Apartment
20457,1.067 €,67 m²,Apartment
20457,700 €,45 m²,Apartment
20457,390 €,39 m²,Apartment
20457,660 €,44 m²,Apartment
20457,900 €,70 m²,Apartment
20457,388 €,47 m²,Apartment
20457,1.015 €,52 m²,Apartment
20457,950 €,73 m²,Apartment
20457,820 €,53 m²,Apartment
20457,680 €,50 m²,Apartment
20457,929 €,70 m²,Apartment
20457,1.369 €,40 m²,Apartment
20457,2.000 €,120 m²,Apartment
20457,1.233 €,"61,47 m²",Apartment
20457,2.400 €,73 m²,Apartment
20457,1.040 €,"44,76 m²",Apartment
20457,1.850 €,96 m²,Apartment
20457,1.180 €,59 m²,Apartment
20457,1.088 €,68 m²,Apartment
20457,1.100 €,72 m²,Apartment
20457,1.400 €,"80,12 m²",Apartment
20457,2.375 €,108 m²,Apartment
20457,1.399 €,44 m²,Apartment
20457,1.999 €,70 m²,Apartment
20457,1.650 €,51 m²,Apartment
20457,1.770 - 2.430 €,"59,00 - 81,00 m²",Apartment
20457,725 €,22 m²,Apartment
20457,"2,686 €",133.52 m²,Apartment
20457,"2,705 €",135.59 m²,Apartment
20457,"1,518 €",59 m²,Apartment
20457,"4,290 €",152 m²,Apartment
20457,"2,999 €",108 m²,Apartment
20457,"3,410 €",112 m²,Apartment
20457,"2,300 - 4,250 €",85.04 - 151.50 m²,Apartment
20457,"1,949 €",70.4 m²,Apartment
20457,"2,300 - 4,250 €",85.04 - 151.50 m²,Apartment
20457,"1,899 €",86 m²,Apartment
20457,"2,404 €",113.28 m²,Apartment
20457,"2,169.55 €",145 m²,Apartment
20457,"2,299 €",90.19 m²,Apartment
20457,"2,099 €",70.92 m²,Apartment
20457,"1,830 €",95 m²,Apartment
20457,"3,770 €",128 m²,Apartment
20457,"2,051.46 €",113.97 m²,Apartment
20457,833 €,25 m²,Apartment
20457,"1,900 €",95 m²,Apartment
20457,"1,695 €",58.11 m²,Apartment
20457,"1,350 €",64 m²,Apartment
20457,"2,300 €",90 m²,Apartment
20457,"1,022.56 €",76 m²,Apartment
20457,"3,059 €",186 m²,Apartment
20457,850 €,56 m²,Apartment
20457,872 €,21 m²,Apartment
20457,"1,155 €",34 m²,Apartment
20457,"1,200 €",35 m²,Apartment
20457,"1,250 €",63 m²,Apartment
20457,"1,000 €",53 m²,Apartment
20457,919.60 €,83.6 m²,Apartment
20457,"1,506 €",60.2 m²,Apartment
20457,"1,840 €",78.3 m²,Apartment
20457,720 €,26 m²,Apartment
20457,"1,450 €",52.8 m²,Apartment
20457,"1,550 €",82 m²,Apartment
20457,"1,404 €",58.5 m²,Apartment
20457,"1,868 €",83 m²,Apartment
20457,"1,716 €",73 m²,Apartment
20457,"2,065 €",87.9 m²,Apartment
20457,"1,655 €",58 m²,Apartment
20457,"1,437 €",62.5 m²,Apartment
20457,"1,492 €",80.65 m²,Apartment
20457,"1,700 €",71 m²,Apartment
20457,"1,050 €",33 m²,Apartment
20457,"1,410 €",60 m²,Apartment
20457,"2,239 €",139.9 m²,Apartment
20457,"1,150 €",37 m²,Apartment
20457,"2,850 €",138 m²,Apartment
20457,"1,860 €",55 m²,Apartment
20457,"1,500 €",95 m²,House
20457,"3,457.30 €",140 m²,House
